ECRMPDB_DB2,/DCECM40P,ACTIVE_VERSION,FILE,/DBPART000/,DB_INCR_BACKUP.20220222235002.1,2022-02-23 00:45:24.000000,
ECRMPDB_DB2,/DCECM40P,ACTIVE_VERSION,FILE,/DBPART000/,DB_INCR_BACKUP.20220222235002.5,2022-02-23 02:56:01.000000,
ECRMPDB_DB2,/DCECM40P,ACTIVE_VERSION,FILE,/DBPART000/,DB_INCR_BACKUP.20220222235002.4,2022-02-23 00:45:26.000000,
ECRMPDB_DB2,/DCECM40P,ACTIVE_VERSION,FILE,/DBPART000/,DB_INCR_BACKUP.20220222235002.3,2022-02-23 00:45:26.000000,
ECRMPDB_DB2,/DCECM40P,ACTIVE_VERSION,FILE,/DBPART000/,DB_INCR_BACKUP.20220222235002.2,2022-02-23 00:45:25.000000,
ECRMPDB_DB2,/DCECM40P,ACTIVE_VERSION,FILE,/DBPART000/,DB_INCR_BACKUP.20220223235001.5,2022-02-24 02:46:13.000000,
ECRMPDB_DB2,/DCECM40P,ACTIVE_VERSION,FILE,/DBPART000/,DB_INCR_BACKUP.20220223235001.2,2022-02-24 00:45:19.000000,
ECRMPDB_DB2,/DCECM40P,ACTIVE_VERSION,FILE,/DBPART000/,DB_INCR_BACKUP.20220223235001.3,2022-02-24 00:45:20.000000,
ECRMPDB_DB2,/DCECM40P,ACTIVE_VERSION,FILE,/DBPART000/,DB_INCR_BACKUP.20220223235001.4,2022-02-24 00:45:20.000000,
ECRMPDB_DB2,/DCECM40P,ACTIVE_VERSION,FILE,/DBPART000/,DB_INCR_BACKUP.20220223235001.1,2022-02-24 00:45:18.000000,
ECRMPDB_DB2,/DCECM40P,ACTIVE_VERSION,FILE,/DBPART000/,DB_INCR_BACKUP.20220330235001.5,2022-03-31 02:47:55.000000,
ECRMPDB_DB2,/DCECM40P,ACTIVE_VERSION,FILE,/DBPART000/,DB_INCR_BACKUP.20220330235001.4,2022-03-31 00:49:25.000000,
ECRMPDB_DB2,/DCECM40P,ACTIVE_VERSION,FILE,/DBPART000/,DB_INCR_BACKUP.20220330235001.3,2022-03-31 00:49:25.000000,
ECRMPDB_DB2,/DCECM40P,ACTIVE_VERSION,FILE,/DBPART000/,DB_INCR_BACKUP.20220328235001.1,2022-03-29 00:49:34.000000,
ECRMPDB_DB2,/DCECM40P,ACTIVE_VERSION,FILE,/DBPART000/,DB_INCR_BACKUP.20220323235001.5,2022-03-24 02:45:55.000000,
ECRMPDB_DB2,/DCECM40P,ACTIVE_VERSION,FILE,/DBPART000/,DB_INCR_BACKUP.20220328235001.3,2022-03-29 00:49:36.000000,
ECRMPDB_DB2,/DCECM40P,ACTIVE_VERSION,FILE,/DBPART000/,DB_INCR_BACKUP.20220328235001.4,2022-03-29 00:49:36.000000,
ECRMPDB_DB2,/DCECM40P,ACTIVE_VERSION,FILE,/DBPART000/,DB_INCR_BACKUP.20220328235001.2,2022-03-29 00:49:35.000000,
ECRMPDB_DB2,/DCECM40P,ACTIVE_VERSION,FILE,/DBPART000/,DB_INCR_BACKUP.20220328235001.5,2022-03-29 02:48:54.000000,
ECRMPDB_DB2,/DCECM40P,ACTIVE_VERSION,FILE,/DBPART000/,FULL_BACKUP.20220224213001.5,2022-02-25 00:39:14.000000,
ECRMPDB_DB2,/DCECM40P,ACTIVE_VERSION,FILE,/DBPART000/,DB_INCR_BACKUP.20220318235001.2,2022-03-19 00:49:48.000000,
ECRMPDB_DB2,/DCECM40P,ACTIVE_VERSION,FILE,/DBPART000/,DB_INCR_BACKUP.20220318235001.1,2022-03-19 00:49:44.000000,
ECRMPDB_DB2,/DCECM40P,ACTIVE_VERSION,FILE,/DBPART000/,DB_INCR_BACKUP.20220318235001.3,2022-03-19 00:49:46.000000,
ECRMPDB_DB2,/DCECM40P,ACTIVE_VERSION,FILE,/DBPART000/,DB_INCR_BACKUP.20220318235001.5,2022-03-19 02:44:32.000000,
ECRMPDB_DB2,/DCECM40P,ACTIVE_VERSION,FILE,/DBPART000/,DB_INCR_BACKUP.20220320235001.3,2022-03-21 00:49:46.000000,
ECRMPDB_DB2,/DCECM40P,ACTIVE_VERSION,FILE,/DBPART000/,DB_INCR_BACKUP.20220320235001.4,2022-03-21 00:49:55.000000,
ECRMPDB_DB2,/DCECM40P,ACTIVE_VERSION,FILE,/DBPART000/,DB_INCR_BACKUP.20220320235001.1,2022-03-21 00:49:41.000000,
ECRMPDB_DB2,/DCECM40P,ACTIVE_VERSION,FILE,/DBPART000/,DB_INCR_BACKUP.20220320235001.5,2022-03-21 02:45:27.000000,
ECRMPDB_DB2,/DCECM40P,ACTIVE_VERSION,FILE,/DBPART000/,DB_INCR_BACKUP.20220321235001.1,2022-03-22 00:49:43.000000,
ECRMPDB_DB2,/DCECM40P,ACTIVE_VERSION,FILE,/DBPART000/,DB_INCR_BACKUP.20220321235001.4,2022-03-22 00:49:45.000000,
ECRMPDB_DB2,/DCECM40P,ACTIVE_VERSION,FILE,/DBPART000/,DB_INCR_BACKUP.20220329235001.3,2022-03-30 00:49:27.000000,
ECRMPDB_DB2,/DCECM40P,ACTIVE_VERSION,FILE,/DBPART000/,FULL_BACKUP.20220224213001.1,2022-02-24 22:25:16.000000,
ECRMPDB_DB2,/DCECM40P,ACTIVE_VERSION,FILE,/DBPART000/,DB_INCR_BACKUP.20220321235001.2,2022-03-22 00:49:44.000000,
ECRMPDB_DB2,/DCECM40P,ACTIVE_VERSION,FILE,/DBPART000/,DB_INCR_BACKUP.20220321235001.3,2022-03-22 00:49:45.000000,
ECRMPDB_DB2,/DCECM40P,ACTIVE_VERSION,FILE,/DBPART000/,DB_INCR_BACKUP.20220322235002.3,2022-03-23 00:49:45.000000,
ECRMPDB_DB2,/DCECM40P,ACTIVE_VERSION,FILE,/DBPART000/,DB_INCR_BACKUP.20220325235001.3,2022-03-26 00:49:43.000000,
ECRMPDB_DB2,/DCECM40P,ACTIVE_VERSION,FILE,/DBPART000/,DB_INCR_BACKUP.20220325235001.4,2022-03-26 00:49:42.000000,
ECRMPDB_DB2,/DCECM40P,ACTIVE_VERSION,FILE,/DBPART000/,DB_INCR_BACKUP.20220325235001.1,2022-03-26 00:49:40.000000,
ECRMPDB_DB2,/DCECM40P,ACTIVE_VERSION,FILE,/DBPART000/,DB_INCR_BACKUP.20220325235001.2,2022-03-26 00:49:44.000000,
ECRMPDB_DB2,/DCECM40P,ACTIVE_VERSION,FILE,/DBPART000/,DB_INCR_BACKUP.20220325235001.5,2022-03-26 02:49:13.000000,
ECRMPDB_DB2,/DCECM40P,ACTIVE_VERSION,FILE,/DBPART000/,FULL_BACKUP.20220224213001.2,2022-02-24 22:25:17.000000,
ECRMPDB_DB2,/DCECM40P,ACTIVE_VERSION,FILE,/DBPART000/,FULL_BACKUP.20220224213001.4,2022-02-24 22:25:18.000000,
ECRMPDB_DB2,/DCECM40P,ACTIVE_VERSION,FILE,/DBPART000/,DB_INCR_BACKUP.20220320235001.2,2022-03-21 00:49:42.000000,
ECRMPDB_DB2,/DCECM40P,ACTIVE_VERSION,FILE,/DBPART000/,FULL_BACKUP.20220224213001.3,2022-02-24 22:25:18.000000,
ECRMPDB_DB2,/DCECM40P,ACTIVE_VERSION,FILE,/DBPART000/,DB_INCR_BACKUP.20220321235001.5,2022-03-22 03:48:40.000000,
ECRMPDB_DB2,/DCECM40P,ACTIVE_VERSION,FILE,/DBPART000/,DB_INCR_BACKUP.20220327235001.2,2022-03-28 00:49:31.000000,
ECRMPDB_DB2,/DCECM40P,ACTIVE_VERSION,FILE,/DBPART000/,DB_INCR_BACKUP.20220318235001.4,2022-03-19 00:49:49.000000,
ECRMPDB_DB2,/DCECM40P,ACTIVE_VERSION,FILE,/DBPART000/,DB_INCR_BACKUP.20220327235001.1,2022-03-28 00:49:30.000000,
ECRMPDB_DB2,/DCECM40P,ACTIVE_VERSION,FILE,/DBPART000/,DB_INCR_BACKUP.20220327235001.3,2022-03-28 00:49:32.000000,
ECRMPDB_DB2,/DCECM40P,ACTIVE_VERSION,FILE,/DBPART000/,DB_INCR_BACKUP.20220327235001.4,2022-03-28 00:49:32.000000,
ECRMPDB_DB2,/DCECM40P,ACTIVE_VERSION,FILE,/DBPART000/,DB_INCR_BACKUP.20220327235001.5,2022-03-28 02:39:50.000000,
ECRMPDB_DB2,/DCECM40P,ACTIVE_VERSION,FILE,/DBPART000/,DB_INCR_BACKUP.20220322235002.4,2022-03-23 00:49:44.000000,
ECRMPDB_DB2,/DCECM40P,ACTIVE_VERSION,FILE,/DBPART000/,DB_INCR_BACKUP.20220329235001.4,2022-03-30 00:49:27.000000,
ECRMPDB_DB2,/DCECM40P,ACTIVE_VERSION,FILE,/DBPART000/,DB_INCR_BACKUP.20220329235001.2,2022-03-30 00:49:26.000000,
ECRMPDB_DB2,/DCECM40P,ACTIVE_VERSION,FILE,/DBPART000/,DB_INCR_BACKUP.20220329235001.1,2022-03-30 00:49:26.000000,
ECRMPDB_DB2,/DCECM40P,ACTIVE_VERSION,FILE,/DBPART000/,DB_INCR_BACKUP.20220322235002.2,2022-03-23 00:49:43.000000,
ECRMPDB_DB2,/DCECM40P,ACTIVE_VERSION,FILE,/DBPART000/,DB_INCR_BACKUP.20220329235001.5,2022-03-30 03:30:13.000000,
ECRMPDB_DB2,/DCECM40P,ACTIVE_VERSION,FILE,/DBPART000/,DB_INCR_BACKUP.20220330235001.2,2022-03-31 00:49:24.000000,
ECRMPDB_DB2,/DCECM40P,ACTIVE_VERSION,FILE,/DBPART000/,DB_INCR_BACKUP.20220322235002.1,2022-03-23 00:49:42.000000,
ECRMPDB_DB2,/DCECM40P,ACTIVE_VERSION,FILE,/DBPART000/,DB_INCR_BACKUP.20220322235002.5,2022-03-23 02:48:22.000000,
ECRMPDB_DB2,/DCECM40P,ACTIVE_VERSION,FILE,/DBPART000/,DB_INCR_BACKUP.20220323235001.4,2022-03-24 00:49:53.000000,
ECRMPDB_DB2,/DCECM40P,ACTIVE_VERSION,FILE,/DBPART000/,DB_INCR_BACKUP.20220323235001.3,2022-03-24 00:49:52.000000,
ECRMPDB_DB2,/DCECM40P,ACTIVE_VERSION,FILE,/DBPART000/,DB_INCR_BACKUP.20220323235001.1,2022-03-24 00:49:51.000000,
ECRMPDB_DB2,/DCECM40P,ACTIVE_VERSION,FILE,/DBPART000/,DB_INCR_BACKUP.20220323235001.2,2022-03-24 00:49:52.000000,
ECRMPDB_DB2,/DCECM40P,ACTIVE_VERSION,FILE,/DBPART000/,DB_INCR_BACKUP.20220330235001.1,2022-03-31 00:49:24.000000,
ECRMPDB_DB2,/DCECM40P,ACTIVE_VERSION,FILE,/DBPART000/,DB_INCR_BACKUP.20220316235001.2,2022-03-17 00:49:49.000000,
ECRMPDB_DB2,/DCECM40P,ACTIVE_VERSION,FILE,/DBPART000/,DB_INCR_BACKUP.20220311235001.2,2022-03-12 00:49:56.000000,
ECRMPDB_DB2,/DCECM40P,ACTIVE_VERSION,FILE,/DBPART000/,DB_INCR_BACKUP.20220311235001.3,2022-03-12 00:49:57.000000,
ECRMPDB_DB2,/DCECM40P,ACTIVE_VERSION,FILE,/DBPART000/,DB_INCR_BACKUP.20220315235001.4,2022-03-16 00:49:52.000000,
ECRMPDB_DB2,/DCECM40P,ACTIVE_VERSION,FILE,/DBPART000/,DB_INCR_BACKUP.20220315235001.3,2022-03-16 00:49:52.000000,
ECRMPDB_DB2,/DCECM40P,ACTIVE_VERSION,FILE,/DBPART000/,DB_INCR_BACKUP.20220315235001.2,2022-03-16 00:49:52.000000,
ECRMPDB_DB2,/DCECM40P,ACTIVE_VERSION,FILE,/DBPART000/,FULL_BACKUP.20220310213002.2,2022-03-10 22:30:01.000000,
ECRMPDB_DB2,/DCECM40P,ACTIVE_VERSION,FILE,/DBPART000/,FULL_BACKUP.20220310213002.4,2022-03-10 22:30:02.000000,
ECRMPDB_DB2,/DCECM40P,ACTIVE_VERSION,FILE,/DBPART000/,FULL_BACKUP.20220310213002.1,2022-03-10 22:30:00.000000,
ECRMPDB_DB2,/DCECM40P,ACTIVE_VERSION,FILE,/DBPART000/,FULL_BACKUP.20220310213002.5,2022-03-11 00:58:06.000000,
ECRMPDB_DB2,/DCECM40P,ACTIVE_VERSION,FILE,/DBPART000/,DB_INCR_BACKUP.20220311235001.1,2022-03-12 00:49:55.000000,
ECRMPDB_DB2,/DCECM40P,ACTIVE_VERSION,FILE,/DBPART000/,DB_INCR_BACKUP.20220311235001.4,2022-03-12 00:49:58.000000,
ECRMPDB_DB2,/DCECM40P,ACTIVE_VERSION,FILE,/DBPART000/,DB_INCR_BACKUP.20220311235001.5,2022-03-12 02:46:56.000000,
ECRMPDB_DB2,/DCECM40P,ACTIVE_VERSION,FILE,/DBPART000/,DB_INCR_BACKUP.20220312235001.5,2022-03-13 03:46:43.000000,
ECRMPDB_DB2,/DCECM40P,ACTIVE_VERSION,FILE,/DBPART000/,DB_INCR_BACKUP.20220315235001.5,2022-03-16 02:45:41.000000,
ECRMPDB_DB2,/DCECM40P,ACTIVE_VERSION,FILE,/DBPART000/,DB_INCR_BACKUP.20220316235001.3,2022-03-17 00:49:49.000000,
ECRMPDB_DB2,/DCECM40P,ACTIVE_VERSION,FILE,/DBPART000/,DB_INCR_BACKUP.20220312235001.2,2022-03-13 00:49:54.000000,
ECRMPDB_DB2,/DCECM40P,ACTIVE_VERSION,FILE,/DBPART000/,DB_INCR_BACKUP.20220313235001.3,2022-03-14 00:49:53.000000,
ECRMPDB_DB2,/DCECM40P,ACTIVE_VERSION,FILE,/DBPART000/,DB_INCR_BACKUP.20220316235001.1,2022-03-17 00:49:48.000000,
ECRMPDB_DB2,/DCECM40P,ACTIVE_VERSION,FILE,/DBPART000/,DB_INCR_BACKUP.20220313235001.4,2022-03-14 00:49:55.000000,
ECRMPDB_DB2,/DCECM40P,ACTIVE_VERSION,FILE,/DBPART000/,FULL_BACKUP.20220324213002.2,2022-03-24 22:29:35.000000,
ECRMPDB_DB2,/DCECM40P,ACTIVE_VERSION,FILE,/DBPART000/,DB_INCR_BACKUP.20220312235001.1,2022-03-13 00:49:53.000000,
ECRMPDB_DB2,/DCECM40P,ACTIVE_VERSION,FILE,/DBPART000/,DB_INCR_BACKUP.20220313235001.1,2022-03-14 00:49:52.000000,
ECRMPDB_DB2,/DCECM40P,ACTIVE_VERSION,FILE,/DBPART000/,DB_INCR_BACKUP.20220312235001.3,2022-03-13 00:49:56.000000,
ECRMPDB_DB2,/DCECM40P,ACTIVE_VERSION,FILE,/DBPART000/,DB_INCR_BACKUP.20220312235001.4,2022-03-13 00:49:56.000000,
ECRMPDB_DB2,/DCECM40P,ACTIVE_VERSION,FILE,/DBPART000/,DB_INCR_BACKUP.20220313235001.2,2022-03-14 00:49:56.000000,
ECRMPDB_DB2,/DCECM40P,ACTIVE_VERSION,FILE,/DBPART000/,DB_INCR_BACKUP.20220313235001.5,2022-03-14 02:44:14.000000,
ECRMPDB_DB2,/DCECM40P,ACTIVE_VERSION,FILE,/DBPART000/,DB_INCR_BACKUP.20220316235001.5,2022-03-17 02:45:28.000000,
ECRMPDB_DB2,/DCECM40P,ACTIVE_VERSION,FILE,/DBPART000/,DB_INCR_BACKUP.20220314235001.2,2022-03-15 00:49:52.000000,
ECRMPDB_DB2,/DCECM40P,ACTIVE_VERSION,FILE,/DBPART000/,DB_INCR_BACKUP.20220314235001.4,2022-03-15 00:49:54.000000,
ECRMPDB_DB2,/DCECM40P,ACTIVE_VERSION,FILE,/DBPART000/,DB_INCR_BACKUP.20220314235001.3,2022-03-15 00:49:53.000000,
ECRMPDB_DB2,/DCECM40P,ACTIVE_VERSION,FILE,/DBPART000/,DB_INCR_BACKUP.20220314235001.1,2022-03-15 00:49:51.000000,
ECRMPDB_DB2,/DCECM40P,ACTIVE_VERSION,FILE,/DBPART000/,DB_INCR_BACKUP.20220314235001.5,2022-03-15 02:45:09.000000,
ECRMPDB_DB2,/DCECM40P,ACTIVE_VERSION,FILE,/DBPART000/,DB_INCR_BACKUP.20220315235001.1,2022-03-16 00:49:49.000000,
ECRMPDB_DB2,/DCECM40P,ACTIVE_VERSION,FILE,/DBPART000/,DB_INCR_BACKUP.20220316235001.4,2022-03-17 00:49:49.000000,
ECRMPDB_DB2,/DCECM40P,ACTIVE_VERSION,FILE,/DBPART000/,DB_INCR_BACKUP.20220215235001.5,2022-02-16 02:44:22.000000,
ECRMPDB_DB2,/DCECM40P,ACTIVE_VERSION,FILE,/DBPART000/,DB_INCR_BACKUP.20220302235001.1,2022-03-03 00:45:06.000000,
ECRMPDB_DB2,/DCECM40P,ACTIVE_VERSION,FILE,/DBPART000/,FULL_BACKUP.20220324213002.1,2022-03-24 22:29:34.000000,
ECRMPDB_DB2,/DCECM40P,ACTIVE_VERSION,FILE,/DBPART000/,DB_INCR_BACKUP.20220302235001.5,2022-03-03 02:43:48.000000,
ECRMPDB_DB2,/DCECM40P,ACTIVE_VERSION,FILE,/DBPART000/,FULL_BACKUP.20220317213001.1,2022-03-17 22:29:46.000000,
ECRMPDB_DB2,/DCECM40P,ACTIVE_VERSION,FILE,/DBPART000/,FULL_BACKUP.20220317213001.2,2022-03-17 22:29:47.000000,
ECRMPDB_DB2,/DCECM40P,ACTIVE_VERSION,FILE,/DBPART000/,FULL_BACKUP.20220317213001.4,2022-03-17 22:29:47.000000,
ECRMPDB_DB2,/DCECM40P,ACTIVE_VERSION,FILE,/DBPART000/,FULL_BACKUP.20220317213001.3,2022-03-17 22:29:47.000000,
ECRMPDB_DB2,/DCECM40P,ACTIVE_VERSION,FILE,/DBPART000/,FULL_BACKUP.20220317213001.5,2022-03-18 00:38:21.000000,
ECRMPDB_DB2,/DCECM40P,ACTIVE_VERSION,FILE,/DBPART000/,FULL_BACKUP.20220320005119.2,2022-03-20 01:50:59.000000,
ECRMPDB_DB2,/DCECM40P,ACTIVE_VERSION,FILE,/DBPART000/,FULL_BACKUP.20220320005119.3,2022-03-20 01:51:00.000000,
ECRMPDB_DB2,/DCECM40P,ACTIVE_VERSION,FILE,/DBPART000/,FULL_BACKUP.20220303213002.4,2022-03-03 22:25:06.000000,
ECRMPDB_DB2,/DCECM40P,ACTIVE_VERSION,FILE,/DBPART000/,FULL_BACKUP.20220303213002.2,2022-03-03 22:25:05.000000,
ECRMPDB_DB2,/DCECM40P,ACTIVE_VERSION,FILE,/DBPART000/,FULL_BACKUP.20220303213002.3,2022-03-03 22:25:06.000000,
ECRMPDB_DB2,/DCECM40P,ACTIVE_VERSION,FILE,/DBPART000/,FULL_BACKUP.20220303213002.1,2022-03-03 22:25:05.000000,
ECRMPDB_DB2,/DCECM40P,ACTIVE_VERSION,FILE,/DBPART000/,FULL_BACKUP.20220303213002.5,2022-03-04 00:35:05.000000,
ECRMPDB_DB2,/DCECM40P,ACTIVE_VERSION,FILE,/DBPART000/,FULL_BACKUP.20220310213002.3,2022-03-10 22:30:01.000000,
ECRMPDB_DB2,/DCECM40P,ACTIVE_VERSION,FILE,/DBPART000/,FULL_BACKUP.20220320005119.1,2022-03-20 01:50:58.000000,
ECRMPDB_DB2,/DCECM40P,ACTIVE_VERSION,FILE,/DBPART000/,FULL_BACKUP.20220320005119.4,2022-03-20 01:51:00.000000,
ECRMPDB_DB2,/DCECM40P,ACTIVE_VERSION,FILE,/DBPART000/,DB_INCR_BACKUP.20220301235001.2,2022-03-02 00:45:20.000000,
ECRMPDB_DB2,/DCECM40P,ACTIVE_VERSION,FILE,/DBPART000/,DB_INCR_BACKUP.20220302235001.4,2022-03-03 00:45:10.000000,
ECRMPDB_DB2,/DCECM40P,ACTIVE_VERSION,FILE,/DBPART000/,DB_INCR_BACKUP.20220302235001.3,2022-03-03 00:45:08.000000,
ECRMPDB_DB2,/DCECM40P,ACTIVE_VERSION,FILE,/DBPART000/,DB_INCR_BACKUP.20220301235001.5,2022-03-02 02:44:31.000000,
ECRMPDB_DB2,/DCECM40P,ACTIVE_VERSION,FILE,/DBPART000/,DB_INCR_BACKUP.20220301235001.3,2022-03-02 00:45:19.000000,
ECRMPDB_DB2,/DCECM40P,ACTIVE_VERSION,FILE,/DBPART000/,DB_INCR_BACKUP.20220301235001.1,2022-03-02 00:45:18.000000,
ECRMPDB_DB2,/DCECM40P,ACTIVE_VERSION,FILE,/DBPART000/,DB_INCR_BACKUP.20220215235001.1,2022-02-16 00:45:38.000000,
ECRMPDB_DB2,/DCECM40P,ACTIVE_VERSION,FILE,/DBPART000/,DB_INCR_BACKUP.20220215235001.2,2022-02-16 00:45:39.000000,
ECRMPDB_DB2,/DCECM40P,ACTIVE_VERSION,FILE,/DBPART000/,DB_INCR_BACKUP.20220215235001.3,2022-02-16 00:45:40.000000,
ECRMPDB_DB2,/DCECM40P,ACTIVE_VERSION,FILE,/DBPART000/,DB_INCR_BACKUP.20220302235001.2,2022-03-03 00:45:07.000000,
ECRMPDB_DB2,/DCECM40P,ACTIVE_VERSION,FILE,/DBPART000/,DB_INCR_BACKUP.20220214235002.3,2022-02-15 00:45:37.000000,
ECRMPDB_DB2,/DCECM40P,ACTIVE_VERSION,FILE,/DBPART000/,DB_INCR_BACKUP.20220214235002.4,2022-02-15 00:45:38.000000,
ECRMPDB_DB2,/DCECM40P,ACTIVE_VERSION,FILE,/DBPART000/,DB_INCR_BACKUP.20220215235001.4,2022-02-16 00:45:41.000000,
ECRMPDB_DB2,/DCECM40P,ACTIVE_VERSION,FILE,/DBPART000/,DB_INCR_BACKUP.20220214235002.1,2022-02-15 00:45:34.000000,
ECRMPDB_DB2,/DCECM40P,ACTIVE_VERSION,FILE,/DBPART000/,DB_INCR_BACKUP.20220216235001.5,2022-02-17 03:01:10.000000,
ECRMPDB_DB2,/DCECM40P,ACTIVE_VERSION,FILE,/DBPART000/,DB_INCR_BACKUP.20220216235001.4,2022-02-17 00:45:39.000000,
ECRMPDB_DB2,/DCECM40P,ACTIVE_VERSION,FILE,/DBPART000/,DB_INCR_BACKUP.20220216235001.1,2022-02-17 00:45:36.000000,
ECRMPDB_DB2,/DCECM40P,ACTIVE_VERSION,FILE,/DBPART000/,DB_INCR_BACKUP.20220216235001.2,2022-02-17 00:45:37.000000,
ECRMPDB_DB2,/DCECM40P,ACTIVE_VERSION,FILE,/DBPART000/,DB_INCR_BACKUP.20220216235001.3,2022-02-17 00:45:38.000000,
ECRMPDB_DB2,/DCECM40P,ACTIVE_VERSION,FILE,/DBPART000/,DB_INCR_BACKUP.20220301235001.4,2022-03-02 00:45:19.000000,
ECRMPDB_DB2,/DCECM40P,ACTIVE_VERSION,FILE,/DBPART000/,DB_INCR_BACKUP.20220219235001.3,2022-02-20 00:45:26.000000,
ECRMPDB_DB2,/DCECM40P,ACTIVE_VERSION,FILE,/DBPART000/,DB_INCR_BACKUP.20220219235001.2,2022-02-20 00:45:25.000000,
ECRMPDB_DB2,/DCECM40P,ACTIVE_VERSION,FILE,/DBPART000/,DB_INCR_BACKUP.20220221235001.5,2022-02-22 02:43:04.000000,
ECRMPDB_DB2,/DCECM40P,ACTIVE_VERSION,FILE,/DBPART000/,DB_INCR_BACKUP.20220218235001.4,2022-02-19 00:45:29.000000,
ECRMPDB_DB2,/DCECM40P,ACTIVE_VERSION,FILE,/DBPART000/,DB_INCR_BACKUP.20220214235002.2,2022-02-15 00:45:36.000000,
ECRMPDB_DB2,/DCECM40P,ACTIVE_VERSION,FILE,/DBPART000/,DB_INCR_BACKUP.20220218235001.2,2022-02-19 00:45:28.000000,
ECRMPDB_DB2,/DCECM40P,ACTIVE_VERSION,FILE,/DBPART000/,DB_INCR_BACKUP.20220218235001.1,2022-02-19 00:45:27.000000,
ECRMPDB_DB2,/DCECM40P,ACTIVE_VERSION,FILE,/DBPART000/,DB_INCR_BACKUP.20220218235001.3,2022-02-19 00:45:29.000000,
ECRMPDB_DB2,/DCECM40P,ACTIVE_VERSION,FILE,/DBPART000/,DB_INCR_BACKUP.20220218235001.5,2022-02-19 02:42:50.000000,
ECRMPDB_DB2,/DCECM40P,ACTIVE_VERSION,FILE,/DBPART000/,DB_INCR_BACKUP.20220225235002.4,2022-02-26 00:45:26.000000,
ECRMPDB_DB2,/DCECM40P,ACTIVE_VERSION,FILE,/DBPART000/,DB_INCR_BACKUP.20220225235002.2,2022-02-26 00:45:26.000000,
ECRMPDB_DB2,/DCECM40P,ACTIVE_VERSION,FILE,/DBPART000/,DB_INCR_BACKUP.20220225235002.1,2022-02-26 00:45:24.000000,
ECRMPDB_DB2,/DCECM40P,ACTIVE_VERSION,FILE,/DBPART000/,DB_INCR_BACKUP.20220225235002.3,2022-02-26 00:45:31.000000,
ECRMPDB_DB2,/DCECM40P,ACTIVE_VERSION,FILE,/DBPART000/,DB_INCR_BACKUP.20220214235002.5,2022-02-15 02:44:55.000000,
ECRMPDB_DB2,/DCECM40P,ACTIVE_VERSION,FILE,/DBPART000/,DB_INCR_BACKUP.20220225235002.5,2022-02-26 02:43:55.000000,
ECRMPDB_DB2,/DCECM40P,ACTIVE_VERSION,FILE,/DBPART000/,DB_INCR_BACKUP.20220220235002.1,2022-02-21 00:45:23.000000,
ECRMPDB_DB2,/DCECM40P,ACTIVE_VERSION,FILE,/DBPART000/,DB_INCR_BACKUP.20220220235002.4,2022-02-21 00:45:25.000000,
ECRMPDB_DB2,/DCECM40P,ACTIVE_VERSION,FILE,/DBPART000/,DB_INCR_BACKUP.20220220235002.3,2022-02-21 00:45:26.000000,
ECRMPDB_DB2,/DCECM40P,ACTIVE_VERSION,FILE,/DBPART000/,DB_INCR_BACKUP.20220221235001.4,2022-02-22 00:45:25.000000,
ECRMPDB_DB2,/DCECM40P,ACTIVE_VERSION,FILE,/DBPART000/,DB_INCR_BACKUP.20220221235001.2,2022-02-22 00:45:23.000000,
ECRMPDB_DB2,/DCECM40P,ACTIVE_VERSION,FILE,/DBPART000/,DB_INCR_BACKUP.20220221235001.3,2022-02-22 00:45:24.000000,
ECRMPDB_DB2,/DCECM40P,ACTIVE_VERSION,FILE,/DBPART000/,DB_INCR_BACKUP.20220221235001.1,2022-02-22 00:45:22.000000,
ECRMPDB_DB2,/DCECM40P,ACTIVE_VERSION,FILE,/DBPART000/,DB_INCR_BACKUP.20220226235001.2,2022-02-27 00:45:19.000000,
ECRMPDB_DB2,/DCECM40P,ACTIVE_VERSION,FILE,/DBPART000/,DB_INCR_BACKUP.20220226235001.1,2022-02-27 00:45:13.000000,
ECRMPDB_DB2,/DCECM40P,ACTIVE_VERSION,FILE,/DBPART000/,DB_INCR_BACKUP.20220226235001.4,2022-02-27 00:45:15.000000,
ECRMPDB_DB2,/DCECM40P,ACTIVE_VERSION,FILE,/DBPART000/,DB_INCR_BACKUP.20220226235001.3,2022-02-27 00:45:15.000000,
ECRMPDB_DB2,/DCECM40P,ACTIVE_VERSION,FILE,/DBPART000/,DB_INCR_BACKUP.20220227235001.1,2022-02-28 00:45:16.000000,
ECRMPDB_DB2,/DCECM40P,ACTIVE_VERSION,FILE,/DBPART000/,DB_INCR_BACKUP.20220226235001.5,2022-02-27 02:51:49.000000,
ECRMPDB_DB2,/DCECM40P,ACTIVE_VERSION,FILE,/DBPART000/,DB_INCR_BACKUP.20220227235001.2,2022-02-28 00:45:19.000000,
ECRMPDB_DB2,/DCECM40P,ACTIVE_VERSION,FILE,/DBPART000/,DB_INCR_BACKUP.20220227235001.4,2022-02-28 00:45:22.000000,
ECRMPDB_DB2,/DCECM40P,ACTIVE_VERSION,FILE,/DBPART000/,DB_INCR_BACKUP.20220227235001.5,2022-02-28 02:41:38.000000,
ECRMPDB_DB2,/DCECM40P,ACTIVE_VERSION,FILE,/DBPART000/,DB_INCR_BACKUP.20220228235002.4,2022-03-01 00:45:22.000000,
ECRMPDB_DB2,/DCECM40P,ACTIVE_VERSION,FILE,/DBPART000/,DB_INCR_BACKUP.20220227235001.3,2022-02-28 00:45:18.000000,
ECRMPDB_DB2,/DCECM40P,ACTIVE_VERSION,FILE,/DBPART000/,DB_INCR_BACKUP.20220228235002.5,2022-03-01 02:42:59.000000,
ECRMPDB_DB2,/DCECM40P,ACTIVE_VERSION,FILE,/DBPART000/,DB_INCR_BACKUP.20220220235002.2,2022-02-21 00:45:27.000000,
ECRMPDB_DB2,/DCECM40P,ACTIVE_VERSION,FILE,/DBPART000/,DB_INCR_BACKUP.20220228235002.1,2022-03-01 00:45:20.000000,
ECRMPDB_DB2,/DCECM40P,ACTIVE_VERSION,FILE,/DBPART000/,DB_INCR_BACKUP.20220228235002.3,2022-03-01 00:45:22.000000,
ECRMPDB_DB2,/DCECM40P,ACTIVE_VERSION,FILE,/DBPART000/,DB_INCR_BACKUP.20220220235002.5,2022-02-21 02:37:14.000000,
ECRMPDB_DB2,/DCECM40P,ACTIVE_VERSION,FILE,/DBPART000/,DB_INCR_BACKUP.20220228235002.2,2022-03-01 00:45:23.000000,
ECRMPDB_DB2,/DCECM40P,ACTIVE_VERSION,FILE,/DBPART000/,DB_INCR_BACKUP.20220219235001.4,2022-02-20 00:45:28.000000,
ECRMPDB_DB2,/DCECM40P,ACTIVE_VERSION,FILE,/DBPART000/,DB_INCR_BACKUP.20220219235001.5,2022-02-20 02:46:00.000000,
ECRMPDB_DB2,/DCECM40P,ACTIVE_VERSION,FILE,/DBPART000/,DB_INCR_BACKUP.20220219235001.1,2022-02-20 00:45:24.000000,
ECRMPDB_DB2,/DCECM40P,ACTIVE_VERSION,FILE,/DBPART000/,FULL_BACKUP.20220324213002.3,2022-03-24 22:29:35.000000,
ECRMPDB_DB2,/DCECM40P,ACTIVE_VERSION,FILE,/DBPART000/,LOAD_COPY.20220307141038.1,2022-03-07 15:12:27.000000,
ECRMPDB_DB2,/DCECM40P,ACTIVE_VERSION,FILE,/DBPART000/,FULL_BACKUP.20220324213002.4,2022-03-24 22:29:36.000000,
ECRMPDB_DB2,/DCECM40P,ACTIVE_VERSION,FILE,/DBPART000/,FULL_BACKUP.20220324213002.5,2022-03-25 00:36:40.000000,
ECRMPDB_DB2,/DCECM40P,ACTIVE_VERSION,FILE,/DBPART000/,DB_INCR_BACKUP.20220304235002.3,2022-03-05 00:45:15.000000,
ECRMPDB_DB2,/DCECM40P,ACTIVE_VERSION,FILE,/DBPART000/,DB_INCR_BACKUP.20220304235002.5,2022-03-05 02:48:00.000000,
ECRMPDB_DB2,/DCECM40P,ACTIVE_VERSION,FILE,/DBPART000/,DB_INCR_BACKUP.20220306235001.5,2022-03-07 02:43:58.000000,
ECRMPDB_DB2,/DCECM40P,ACTIVE_VERSION,FILE,/DBPART000/,DB_INCR_BACKUP.20220306235001.2,2022-03-07 00:45:01.000000,
ECRMPDB_DB2,/DCECM40P,ACTIVE_VERSION,FILE,/DBPART000/,DB_INCR_BACKUP.20220304235002.4,2022-03-05 00:45:23.000000,
ECRMPDB_DB2,/DCECM40P,ACTIVE_VERSION,FILE,/DBPART000/,DB_INCR_BACKUP.20220306235001.3,2022-03-07 00:45:01.000000,
ECRMPDB_DB2,/DCECM40P,ACTIVE_VERSION,FILE,/DBPART000/,DB_INCR_BACKUP.20220304235002.1,2022-03-05 00:45:13.000000,
ECRMPDB_DB2,/DCECM40P,ACTIVE_VERSION,FILE,/DBPART000/,DB_INCR_BACKUP.20220306235001.1,2022-03-07 00:45:00.000000,
ECRMPDB_DB2,/DCECM40P,ACTIVE_VERSION,FILE,/DBPART000/,DB_INCR_BACKUP.20220309235002.5,2022-03-10 02:53:50.000000,
ECRMPDB_DB2,/DCECM40P,ACTIVE_VERSION,FILE,/DBPART000/,DB_INCR_BACKUP.20220305235001.1,2022-03-06 00:45:07.000000,
ECRMPDB_DB2,/DCECM40P,ACTIVE_VERSION,FILE,/DBPART000/,DB_INCR_BACKUP.20220305235001.4,2022-03-06 00:45:09.000000,
ECRMPDB_DB2,/DCECM40P,ACTIVE_VERSION,FILE,/DBPART000/,DB_INCR_BACKUP.20220305235001.2,2022-03-06 00:45:10.000000,
ECRMPDB_DB2,/DCECM40P,ACTIVE_VERSION,FILE,/DBPART000/,DB_INCR_BACKUP.20220305235001.3,2022-03-06 00:45:14.000000,
ECRMPDB_DB2,/DCECM40P,ACTIVE_VERSION,FILE,/DBPART000/,DB_INCR_BACKUP.20220305235001.5,2022-03-06 02:51:25.000000,
ECRMPDB_DB2,/DCECM40P,ACTIVE_VERSION,FILE,/DBPART000/,DB_INCR_BACKUP.20220307235001.4,2022-03-08 00:50:05.000000,
ECRMPDB_DB2,/DCECM40P,ACTIVE_VERSION,FILE,/DBPART000/,DB_INCR_BACKUP.20220307235001.3,2022-03-08 00:50:04.000000,
ECRMPDB_DB2,/DCECM40P,ACTIVE_VERSION,FILE,/DBPART000/,DB_INCR_BACKUP.20220307235001.1,2022-03-08 00:50:03.000000,
ECRMPDB_DB2,/DCECM40P,ACTIVE_VERSION,FILE,/DBPART000/,DB_INCR_BACKUP.20220307235001.2,2022-03-08 00:50:04.000000,
ECRMPDB_DB2,/DCECM40P,ACTIVE_VERSION,FILE,/DBPART000/,DB_INCR_BACKUP.20220307235001.5,2022-03-08 02:56:26.000000,
ECRMPDB_DB2,/DCECM40P,ACTIVE_VERSION,FILE,/DBPART000/,DB_INCR_BACKUP.20220308235001.4,2022-03-09 00:50:13.000000,
ECRMPDB_DB2,/DCECM40P,ACTIVE_VERSION,FILE,/DBPART000/,DB_INCR_BACKUP.20220308235001.2,2022-03-09 00:50:12.000000,
ECRMPDB_DB2,/DCECM40P,ACTIVE_VERSION,FILE,/DBPART000/,DB_INCR_BACKUP.20220308235001.3,2022-03-09 00:50:13.000000,
ECRMPDB_DB2,/DCECM40P,ACTIVE_VERSION,FILE,/DBPART000/,DB_INCR_BACKUP.20220308235001.1,2022-03-09 00:50:11.000000,
ECRMPDB_DB2,/DCECM40P,ACTIVE_VERSION,FILE,/DBPART000/,DB_INCR_BACKUP.20220308235001.5,2022-03-09 02:54:55.000000,
ECRMPDB_DB2,/DCECM40P,ACTIVE_VERSION,FILE,/DBPART000/,DB_INCR_BACKUP.20220306235001.4,2022-03-07 00:45:03.000000,
ECRMPDB_DB2,/DCECM40P,ACTIVE_VERSION,FILE,/DBPART000/,DB_INCR_BACKUP.20220309235002.1,2022-03-10 00:50:10.000000,
ECRMPDB_DB2,/DCECM40P,ACTIVE_VERSION,FILE,/DBPART000/,DB_INCR_BACKUP.20220309235002.2,2022-03-10 00:50:11.000000,
ECRMPDB_DB2,/DCECM40P,ACTIVE_VERSION,FILE,/DBPART000/,DB_INCR_BACKUP.20220309235002.3,2022-03-10 00:50:12.000000,
ECRMPDB_DB2,/DCECM40P,ACTIVE_VERSION,FILE,/DBPART000/,DB_INCR_BACKUP.20220309235002.4,2022-03-10 00:50:12.000000,
ECRMPDB_DB2,/DCECM40P,ACTIVE_VERSION,FILE,/DBPART000/,DB_INCR_BACKUP.20220304235002.2,2022-03-05 00:45:14.000000,
